{"cameraMode":{"drawMode":0,"name":"Shaded","section":"Shading Mode"},"sceneLighting":false,"audioPlay":false,"sceneViewState":{"showFog":true,"showMaterialUpdate":false,"showSkybox":true,"showFlares":true,"showImageEffects":true,"showParticleSystems":true},"in2DMode":false,"pivot":{"x":29.745054244995118,"y":14.697439193725586,"z":-24.28303337097168},"rotation":{"x":0.08585253357887268,"y":-0.6810886263847351,"z":-0.08001109957695008,"w":-0.7230082154273987},"size":11.041044235229493,"orthographic":false}