{"cameraMode":{"drawMode":0,"name":"Shaded","section":"Shading Mode"},"sceneLighting":false,"audioPlay":false,"sceneViewState":{"showFog":true,"showMaterialUpdate":false,"showSkybox":true,"showFlares":true,"showImageEffects":true,"showParticleSystems":true},"in2DMode":false,"pivot":{"x":-5.886700630187988,"y":15.013113021850586,"z":11.293807029724121},"rotation":{"x":-0.2884601354598999,"y":-0.6286417245864868,"z":0.2708556652069092,"w":-0.669548511505127},"size":1.2247449159622193,"orthographic":false}