{"cameraMode":{"drawMode":0,"name":"Shaded","section":"Shading Mode"},"sceneLighting":false,"audioPlay":false,"sceneViewState":{"showFog":true,"showMaterialUpdate":false,"showSkybox":false,"showFlares":true,"showImageEffects":true,"showParticleSystems":true},"in2DMode":false,"pivot":{"x":2.7669482231140138,"y":-0.008999999612569809,"z":-0.8459200859069824},"rotation":{"x":-0.003346275771036744,"y":-0.8747712969779968,"z":0.4845094680786133,"w":-0.006024540401995182},"size":1.3859293460845948,"orthographic":false}